날짜,요일,홈,방문,구장,관중수
2022-04-02,토,두산,한화,잠실,"16,271"
2022-04-02,토,KIA,LG,광주,"16,908"
2022-04-02,토,키움,롯데,고척,"8,257"
2022-04-02,토,NC,SSG,창원,"7,814"
2022-04-02,토,KT,삼성,수원,"17,057"
2022-04-03,일,두산,한화,잠실,"11,345"
2022-04-03,일,KIA,LG,광주,"10,290"
2022-04-03,일,키움,롯데,고척,"6,115"
2022-04-03,일,NC,SSG,창원,"4,808"
2022-04-03,일,KT,삼성,수원,"10,321"
2022-04-05,화,KIA,한화,광주,"2,840"
2022-04-05,화,키움,LG,고척,"2,298"
2022-04-05,화,NC,롯데,창원,"3,246"
2022-04-05,화,KT,SSG,수원,"2,055"
2022-04-05,화,두산,삼성,잠실,"4,109"
2022-04-06,수,KIA,한화,광주,"3,117"
2022-04-06,수,키움,LG,고척,"2,304"
2022-04-06,수,NC,롯데,창원,"3,000"
2022-04-06,수,KT,SSG,수원,"2,094"
2022-04-06,수,두산,삼성,잠실,"4,161"
2022-04-07,목,KIA,한화,광주,"2,773"
2022-04-07,목,키움,LG,고척,"2,055"
2022-04-07,목,NC,롯데,창원,"3,017"
2022-04-07,목,KT,SSG,수원,"2,530"
2022-04-07,목,두산,삼성,잠실,"4,055"
2022-04-08,금,SSG,KIA,문학,"15,615"
2022-04-08,금,한화,KT,대전,"5,520"
2022-04-08,금,LG,NC,잠실,"10,623"
2022-04-08,금,롯데,두산,사직,"8,860"
2022-04-08,금,삼성,키움,대구,"9,244"
2022-04-09,토,SSG,KIA,문학,"21,005"
2022-04-09,토,한화,KT,대전,"6,538"
2022-04-09,토,LG,NC,잠실,"14,328"
2022-04-09,토,롯데,두산,사직,"13,045"
2022-04-09,토,삼성,키움,대구,"13,059"
2022-04-10,일,SSG,KIA,문학,"17,849"
2022-04-10,일,한화,KT,대전,"5,735"
2022-04-10,일,LG,NC,잠실,"13,095"
2022-04-10,일,롯데,두산,사직,"11,646"
2022-04-10,일,삼성,키움,대구,"11,610"
2022-04-12,화,삼성,한화,대구,"4,047"
2022-04-12,화,KIA,롯데,광주,"3,654"
2022-04-12,화,키움,NC,고척,774
2022-04-12,화,KT,두산,수원,"2,450"
2022-04-12,화,LG,SSG,잠실,"6,028"
2022-04-13,수,삼성,한화,대구,"2,156"
2022-04-13,수,키움,NC,고척,893
2022-04-13,수,LG,SSG,잠실,"4,547"
2022-04-14,목,삼성,한화,대구,"2,869"
2022-04-14,목,KIA,롯데,광주,"3,838"
2022-04-14,목,키움,NC,고척,"1,020"
2022-04-14,목,KT,두산,수원,"2,241"
2022-04-14,목,LG,SSG,잠실,"6,500"
2022-04-15,금,NC,KIA,창원,"3,002"
2022-04-15,금,롯데,KT,사직,"4,610"
2022-04-15,금,한화,LG,대전,"3,320"
2022-04-15,금,SSG,삼성,문학,"9,441"
2022-04-15,금,두산,키움,잠실,"4,423"
2022-04-16,토,NC,KIA,창원,"4,580"
2022-04-16,토,롯데,KT,사직,"10,639"
2022-04-16,토,한화,LG,대전,"8,112"
2022-04-16,토,SSG,삼성,문학,"16,037"
2022-04-16,토,두산,키움,잠실,"9,737"
2022-04-17,일,NC,KIA,창원,"3,902"
2022-04-17,일,롯데,KT,사직,"9,231"
2022-04-17,일,한화,LG,대전,"6,566"
2022-04-17,일,SSG,삼성,문학,"15,104"
2022-04-17,일,두산,키움,잠실,"8,762"
2022-04-19,화,롯데,한화,사직,"4,053"
2022-04-19,화,LG,KT,잠실,"4,537"
2022-04-19,화,KIA,두산,광주,"2,658"
2022-04-19,화,NC,삼성,창원,"1,725"
2022-04-19,화,SSG,키움,문학,"5,931"
2022-04-20,수,롯데,한화,사직,"4,340"
2022-04-20,수,LG,KT,잠실,"4,595"
2022-04-20,수,KIA,두산,광주,"4,010"
2022-04-20,수,NC,삼성,창원,"2,104"
2022-04-20,수,SSG,키움,문학,"5,061"
2022-04-21,목,롯데,한화,사직,"3,306"
2022-04-21,목,LG,KT,잠실,"4,410"
2022-04-21,목,KIA,두산,광주,"3,474"
2022-04-21,목,NC,삼성,창원,"1,675"
2022-04-21,목,SSG,키움,문학,"8,080"
2022-04-22,금,키움,KIA,고척,"4,289"
2022-04-22,금,두산,LG,잠실,"8,472"
2022-04-22,금,삼성,롯데,대구,"7,951"
2022-04-22,금,KT,NC,수원,"2,276"
2022-04-22,금,한화,SSG,대전,"3,146"
2022-04-23,토,키움,KIA,고척,"8,338"
2022-04-23,토,두산,LG,잠실,"17,799"
2022-04-23,토,삼성,롯데,대구,"14,983"
2022-04-23,토,KT,NC,수원,"8,255"
2022-04-23,토,한화,SSG,대전,"7,514"
2022-04-24,일,키움,KIA,고척,"7,406"
2022-04-24,일,두산,LG,잠실,"14,848"
2022-04-24,일,삼성,롯데,대구,"12,782"
2022-04-24,일,KT,NC,수원,"5,719"
2022-04-24,일,한화,SSG,대전,"6,612"
2022-04-26,화,KT,KIA,수원,"6,277"
2022-04-26,화,삼성,LG,대구,"3,920"
2022-04-26,화,두산,NC,잠실,"3,644"
2022-04-26,화,롯데,SSG,사직,"2,731"
2022-04-26,화,한화,키움,대전,"2,647"
2022-04-27,수,KT,KIA,수원,"6,123"
2022-04-27,수,삼성,LG,대구,"5,063"
2022-04-27,수,두산,NC,잠실,"3,450"
2022-04-27,수,롯데,SSG,사직,"6,831"
2022-04-27,수,한화,키움,대전,"3,459"
2022-04-28,목,KT,KIA,수원,"6,111"
2022-04-28,목,삼성,LG,대구,"5,279"
2022-04-28,목,두산,NC,잠실,"5,223"
2022-04-28,목,롯데,SSG,사직,"7,126"
2022-04-28,목,한화,키움,대전,"3,531"
2022-04-29,금,NC,한화,창원,"3,405"
2022-04-29,금,키움,KT,고척,"1,770"
2022-04-29,금,LG,롯데,잠실,"15,681"
2022-04-29,금,SSG,두산,문학,"10,306"
2022-04-29,금,KIA,삼성,광주,"7,487"
2022-04-30,토,NC,한화,창원,"6,045"
2022-04-30,토,키움,KT,고척,"4,075"
2022-04-30,토,LG,롯데,잠실,"23,018"
2022-04-30,토,SSG,두산,문학,"20,094"
2022-04-30,토,KIA,삼성,광주,"11,159"
2022-05-01,일,NC,한화,창원,"5,185"
2022-05-01,일,키움,KT,고척,"3,213"
2022-05-01,일,LG,롯데,잠실,"20,513"
2022-05-01,일,SSG,두산,문학,"18,130"
2022-05-01,일,KIA,삼성,광주,"11,555"
2022-05-03,화,SSG,한화,문학,"9,110"
2022-05-03,화,KT,롯데,수원,"6,251"
2022-05-03,화,삼성,NC,대구,"5,728"
2022-05-03,화,LG,두산,잠실,"10,124"
2022-05-03,화,KIA,키움,광주,"5,277"
2022-05-04,수,SSG,한화,문학,"11,331"
2022-05-04,수,KT,롯데,수원,"7,532"
2022-05-04,수,삼성,NC,대구,"8,712"
2022-05-04,수,LG,두산,잠실,"14,480"
2022-05-04,수,KIA,키움,광주,"11,234"
2022-05-05,목,SSG,한화,문학,"23,000"
2022-05-05,목,KT,롯데,수원,"20,000"
2022-05-05,목,삼성,NC,대구,"20,938"
2022-05-05,목,LG,두산,잠실,"24,012"
2022-05-05,목,KIA,키움,광주,"16,072"
2022-05-06,금,한화,KIA,대전,"10,305"
2022-05-06,금,두산,KT,잠실,"8,709"
2022-05-06,금,NC,LG,창원,"5,883"
2022-05-06,금,키움,SSG,고척,"4,627"
2022-05-06,금,롯데,삼성,사직,"22,990"
2022-05-07,토,한화,KIA,대전,"11,114"
2022-05-07,토,두산,KT,잠실,"10,546"
2022-05-07,토,NC,LG,창원,"5,585"
2022-05-07,토,키움,SSG,고척,"5,637"
2022-05-07,토,롯데,삼성,사직,"22,990"
2022-05-08,일,한화,KIA,대전,"7,918"
2022-05-08,일,두산,KT,잠실,"7,124"
2022-05-08,일,NC,LG,창원,"3,642"
2022-05-08,일,키움,SSG,고척,"4,765"
2022-05-08,일,롯데,삼성,사직,"16,456"
2022-05-10,화,LG,한화,잠실,"7,270"
2022-05-10,화,KIA,KT,광주,"5,240"
2022-05-10,화,롯데,NC,사직,"8,521"
2022-05-10,화,키움,두산,고척,"3,564"
2022-05-10,화,삼성,SSG,대구,"5,088"
2022-05-11,수,LG,한화,잠실,"8,064"
2022-05-11,수,KIA,KT,광주,"6,542"
2022-05-11,수,롯데,NC,사직,"7,761"
2022-05-11,수,키움,두산,고척,"2,641"
2022-05-11,수,삼성,SSG,대구,"4,786"
2022-05-12,목,LG,한화,잠실,"8,620"
2022-05-12,목,KIA,KT,광주,"5,224"
2022-05-12,목,롯데,NC,사직,"8,782"
2022-05-12,목,키움,두산,고척,"2,649"
2022-05-12,목,삼성,SSG,대구,"5,541"
2022-05-13,금,LG,KIA,잠실,"19,411"
2022-05-13,금,한화,롯데,대전,"6,773"
2022-05-13,금,SSG,NC,문학,"8,121"
2022-05-13,금,KT,키움,수원,"4,246"
2022-05-14,토,LG,KIA,잠실,"24,132"
2022-05-14,토,한화,롯데,대전,"10,860"
2022-05-14,토,SSG,NC,문학,"15,131"
2022-05-14,토,삼성,두산,대구,"17,161"
2022-05-14,토,KT,키움,수원,"10,061"
2022-05-15,일,LG,KIA,잠실,"23,097"
2022-05-15,일,한화,롯데,대전,"8,154"
2022-05-15,일,SSG,NC,문학,"11,414"
2022-05-15,일,삼성,두산,대구,"14,754"
2022-05-15,일,KT,키움,수원,"6,587"
2022-05-17,화,롯데,KIA,사직,"9,055"
2022-05-17,화,KT,LG,수원,"5,600"
2022-05-17,화,두산,SSG,잠실,"5,743"
2022-05-17,화,한화,삼성,대전,"3,941"
2022-05-17,화,NC,키움,창원,"2,420"
2022-05-18,수,롯데,KIA,사직,"9,885"
2022-05-18,수,KT,LG,수원,"5,106"
2022-05-18,수,두산,SSG,잠실,"5,586"
2022-05-18,수,한화,삼성,대전,"4,107"
2022-05-18,수,NC,키움,창원,"2,526"
2022-05-19,목,롯데,KIA,사직,"10,396"
2022-05-19,목,KT,LG,수원,"5,234"
2022-05-19,목,두산,SSG,잠실,"7,360"
2022-05-19,목,한화,삼성,대전,"4,014"
2022-05-19,목,NC,키움,창원,"2,686"
2022-05-20,금,키움,한화,고척,"3,080"
2022-05-20,금,삼성,KT,대구,"9,838"
2022-05-20,금,SSG,LG,문학,"13,904"
2022-05-20,금,두산,롯데,잠실,"15,486"
2022-05-20,금,KIA,NC,광주,"9,135"
2022-05-21,토,키움,한화,고척,"6,689"
2022-05-21,토,삼성,KT,대구,"15,676"
2022-05-21,토,SSG,LG,문학,"21,315"
2022-05-21,토,두산,롯데,잠실,"20,588"
2022-05-21,토,KIA,NC,광주,"15,565"
2022-05-22,일,키움,한화,고척,"5,330"
2022-05-22,일,삼성,KT,대구,"11,507"
2022-05-22,일,SSG,LG,문학,"18,157"
2022-05-22,일,두산,롯데,잠실,"19,143"
2022-05-22,일,KIA,NC,광주,"16,282"
2022-05-24,화,삼성,KIA,대구,"7,081"
2022-05-24,화,NC,KT,창원,"1,686"
2022-05-24,화,SSG,롯데,문학,"11,996"
2022-05-24,화,한화,두산,대전,"3,172"
2022-05-24,화,LG,키움,잠실,"6,074"
2022-05-25,수,삼성,KIA,대구,"8,000"
2022-05-25,수,NC,KT,창원,"2,428"
2022-05-25,수,SSG,롯데,문학,"9,890"
2022-05-25,수,한화,두산,대전,"5,253"
2022-05-25,수,LG,키움,잠실,"6,937"
2022-05-26,목,삼성,KIA,대구,"7,568"
2022-05-26,목,NC,KT,창원,"1,728"
2022-05-26,목,SSG,롯데,문학,"13,672"
2022-05-26,목,한화,두산,대전,"4,638"
2022-05-26,목,LG,키움,잠실,"6,655"
2022-05-27,금,KT,한화,수원,"6,090"
2022-05-27,금,NC,두산,창원,"3,328"
2022-05-27,금,KIA,SSG,광주,"10,208"
2022-05-27,금,LG,삼성,잠실,"13,775"
2022-05-27,금,롯데,키움,사직,"11,008"
2022-05-28,토,KT,한화,수원,"11,494"
2022-05-28,토,NC,두산,창원,"7,638"
2022-05-28,토,KIA,SSG,광주,"12,245"
2022-05-28,토,LG,삼성,잠실,"21,100"
2022-05-28,토,롯데,키움,사직,"13,820"
2022-05-29,일,KT,한화,수원,"9,503"
2022-05-29,일,NC,두산,창원,"3,979"
2022-05-29,일,KIA,SSG,광주,"12,595"
2022-05-29,일,LG,삼성,잠실,"17,435"
2022-05-29,일,롯데,키움,사직,"12,038"
2022-05-31,화,두산,KIA,잠실,"18,194"
2022-05-31,화,SSG,KT,문학,"7,883"
2022-05-31,화,롯데,LG,사직,"7,815"
2022-05-31,화,한화,NC,대전,"4,269"
2022-05-31,화,키움,삼성,고척,"4,100"
2022-06-01,수,두산,KIA,잠실,"23,244"
2022-06-01,수,SSG,KT,문학,"15,288"
2022-06-01,수,롯데,LG,사직,"11,093"
2022-06-01,수,한화,NC,대전,"6,851"
2022-06-01,수,키움,삼성,고척,"7,181"
2022-06-02,목,두산,KIA,잠실,"11,029"
2022-06-02,목,SSG,KT,문학,"5,525"
2022-06-02,목,롯데,LG,사직,"8,384"
2022-06-02,목,한화,NC,대전,"3,003"
2022-06-02,목,키움,삼성,고척,"2,477"
2022-06-03,금,KT,KIA,수원,"10,749"
2022-06-03,금,NC,롯데,창원,"9,544"
2022-06-03,금,삼성,두산,대구,"8,600"
2022-06-03,금,LG,SSG,잠실,"9,487"
2022-06-03,금,한화,키움,대전,"4,166"
2022-06-04,토,KT,KIA,수원,"20,000"
2022-06-04,토,NC,롯데,창원,"11,736"
2022-06-04,토,삼성,두산,대구,"16,425"
2022-06-04,토,LG,SSG,잠실,"16,345"
2022-06-04,토,한화,키움,대전,"9,140"
2022-06-05,일,KT,KIA,수원,"20,000"
2022-06-05,일,LG,SSG,잠실,"14,964"
2022-06-07,화,두산,한화,잠실,"4,702"
2022-06-07,화,키움,KT,고척,"1,904"
2022-06-07,화,NC,SSG,창원,"2,158"
2022-06-07,화,롯데,삼성,사직,"4,680"
2022-06-08,수,두산,한화,잠실,"4,882"
2022-06-08,수,키움,KT,고척,"1,342"
2022-06-08,수,KIA,LG,광주,"6,812"
2022-06-08,수,NC,SSG,창원,"2,316"
2022-06-08,수,롯데,삼성,사직,"4,733"
2022-06-09,목,두산,한화,잠실,"6,612"
2022-06-09,목,키움,KT,고척,"1,414"
2022-06-09,목,KIA,LG,광주,"7,606"
2022-06-09,목,NC,SSG,창원,"3,010"
2022-06-09,목,롯데,삼성,사직,"5,236"
2022-06-10,금,SSG,한화,문학,"9,958"
2022-06-10,금,롯데,KT,사직,"4,902"
2022-06-10,금,삼성,NC,대구,"10,012"
2022-06-10,금,LG,두산,잠실,"11,791"
2022-06-10,금,KIA,키움,광주,"8,951"
2022-06-11,토,SSG,한화,문학,"20,078"
2022-06-11,토,롯데,KT,사직,"10,087"
2022-06-11,토,삼성,NC,대구,"14,155"
2022-06-11,토,LG,두산,잠실,"19,035"
2022-06-11,토,KIA,키움,광주,"16,267"
2022-06-12,일,SSG,한화,문학,"15,128"
2022-06-12,일,롯데,KT,사직,"5,997"
2022-06-12,일,삼성,NC,대구,"10,614"
2022-06-12,일,LG,두산,잠실,"15,235"
2022-06-12,일,KIA,키움,광주,"14,849"
2022-06-14,화,키움,두산,고척,"2,536"
2022-06-14,화,KT,SSG,수원,"3,108"
2022-06-14,화,LG,삼성,잠실,"6,824"
2022-06-15,수,NC,KIA,창원,"3,444"
2022-06-15,수,한화,롯데,대전,"3,403"
2022-06-15,수,키움,두산,고척,"2,062"
2022-06-15,수,KT,SSG,수원,"3,596"
2022-06-15,수,LG,삼성,잠실,"6,328"
2022-06-16,목,NC,KIA,창원,"4,547"
2022-06-16,목,한화,롯데,대전,"3,640"
2022-06-16,목,키움,두산,고척,"2,349"
2022-06-16,목,KT,SSG,수원,"4,355"
2022-06-16,목,LG,삼성,잠실,"8,976"
2022-06-17,금,NC,한화,창원,"3,678"
2022-06-17,금,두산,KT,잠실,"4,898"
2022-06-17,금,키움,LG,고척,"4,608"
2022-06-17,금,롯데,SSG,사직,"5,687"
2022-06-17,금,KIA,삼성,광주,"8,865"
2022-06-18,토,NC,한화,창원,"7,205"
2022-06-18,토,두산,KT,잠실,"9,033"
2022-06-18,토,키움,LG,고척,"8,705"
2022-06-18,토,롯데,SSG,사직,"10,173"
2022-06-18,토,KIA,삼성,광주,"14,825"
2022-06-19,일,NC,한화,창원,"4,605"
2022-06-19,일,두산,KT,잠실,"6,966"
2022-06-19,일,키움,LG,고척,"7,849"
2022-06-19,일,롯데,SSG,사직,"6,314"
2022-06-19,일,KIA,삼성,광주,"9,977"
2022-06-21,화,LG,한화,잠실,"7,317"
2022-06-21,화,KIA,롯데,광주,"5,956"
2022-06-21,화,KT,NC,수원,"2,292"
2022-06-21,화,SSG,두산,문학,"8,067"
2022-06-21,화,삼성,키움,대구,"5,936"
2022-06-22,수,LG,한화,잠실,"8,200"
2022-06-22,수,KIA,롯데,광주,"8,754"
2022-06-22,수,KT,NC,수원,"2,866"
2022-06-22,수,SSG,두산,문학,"9,261"
2022-06-22,수,삼성,키움,대구,"6,515"
2022-06-23,목,KIA,롯데,광주,"5,909"
2022-06-23,목,삼성,키움,대구,"4,959"
2022-06-24,금,두산,KIA,잠실,"14,470"
2022-06-24,금,KT,LG,수원,"7,021"
2022-06-24,금,SSG,NC,문학,"11,040"
2022-06-24,금,한화,삼성,대전,"4,132"
2022-06-24,금,롯데,키움,사직,"3,769"
2022-06-25,토,두산,KIA,잠실,"22,093"
2022-06-25,토,KT,LG,수원,"13,557"
2022-06-25,토,SSG,NC,문학,"17,058"
2022-06-25,토,한화,삼성,대전,"8,225"
2022-06-25,토,롯데,키움,사직,"8,922"
2022-06-26,일,두산,KIA,잠실,"16,298"
2022-06-26,일,KT,LG,수원,"8,044"
2022-06-26,일,SSG,NC,문학,"13,149"
2022-06-26,일,한화,삼성,대전,"5,214"
2022-06-26,일,롯데,키움,사직,"6,596"
2022-06-28,화,키움,KIA,고척,"7,388"
2022-06-28,화,삼성,KT,대구,"3,769"
2022-06-28,화,LG,NC,잠실,"3,361"
2022-06-28,화,롯데,두산,사직,"3,429"
2022-06-28,화,한화,SSG,대전,"3,027"
2022-06-29,수,키움,KIA,고척,"7,941"
2022-06-29,수,삼성,KT,대구,"4,679"
2022-06-29,수,한화,SSG,대전,"1,747"
2022-06-30,목,키움,KIA,고척,"7,165"
2022-06-30,목,삼성,KT,대구,"4,809"
2022-06-30,목,롯데,두산,사직,"6,566"
2022-07-01,금,키움,한화,고척,"3,238"
2022-07-01,금,SSG,KIA,문학,"14,099"
2022-07-01,금,LG,롯데,잠실,"12,224"
2022-07-01,금,KT,두산,수원,"4,781"
2022-07-02,토,키움,한화,고척,"6,692"
2022-07-02,토,SSG,KIA,문학,"23,000"
2022-07-02,토,LG,롯데,잠실,"18,750"
2022-07-02,토,KT,두산,수원,"10,065"
2022-07-02,토,NC,삼성,창원,"9,063"
2022-07-03,일,키움,한화,고척,"5,952"
2022-07-03,일,SSG,KIA,문학,"18,666"
2022-07-03,일,LG,롯데,잠실,"23,750"
2022-07-03,일,KT,두산,수원,"5,749"
2022-07-03,일,NC,삼성,창원,"4,725"
2022-07-05,화,삼성,LG,대구,"4,683"
2022-07-05,화,SSG,롯데,문학,"7,773"
2022-07-05,화,한화,NC,대전,"2,632"
2022-07-05,화,두산,키움,잠실,"4,265"
2022-07-06,수,KIA,KT,광주,"6,269"
2022-07-06,수,삼성,LG,대구,"4,673"
2022-07-06,수,SSG,롯데,문학,"6,859"
2022-07-06,수,한화,NC,대전,"2,726"
2022-07-06,수,두산,키움,잠실,"2,930"
2022-07-07,목,삼성,LG,대구,"4,989"
2022-07-07,목,SSG,롯데,문학,"5,866"
2022-07-07,목,한화,NC,대전,"3,111"
2022-07-07,목,두산,키움,잠실,"3,781"
2022-07-08,금,KIA,한화,광주,"7,732"
2022-07-08,금,두산,LG,잠실,"9,875"
2022-07-08,금,KT,롯데,수원,"5,218"
2022-07-08,금,키움,NC,고척,"2,500"
2022-07-08,금,삼성,SSG,대구,"5,359"
2022-07-09,토,KIA,한화,광주,"13,246"
2022-07-09,토,두산,LG,잠실,"16,032"
2022-07-09,토,KT,롯데,수원,"13,030"
2022-07-09,토,키움,NC,고척,"4,459"
2022-07-09,토,삼성,SSG,대구,"11,924"
2022-07-10,일,KIA,한화,광주,"8,387"
2022-07-10,일,두산,LG,잠실,"10,980"
2022-07-10,일,KT,롯데,수원,"9,656"
2022-07-10,일,키움,NC,고척,"4,419"
2022-07-10,일,삼성,SSG,대구,"10,126"
2022-07-12,화,롯데,한화,사직,"22,890"
2022-07-12,화,LG,KIA,잠실,"14,517"
2022-07-12,화,NC,두산,창원,"3,522"
2022-07-12,화,KT,삼성,수원,"3,723"
2022-07-12,화,SSG,키움,문학,"10,985"
2022-07-13,수,롯데,한화,사직,"10,188"
2022-07-13,수,NC,두산,창원,"2,880"
2022-07-14,목,롯데,한화,사직,"7,653"
2022-07-14,목,LG,KIA,잠실,"14,590"
2022-07-14,목,NC,두산,창원,"4,659"
2022-07-14,목,KT,삼성,수원,"4,703"
2022-07-14,목,SSG,키움,문학,"12,969"
2022-07-22,금,롯데,KIA,사직,"11,010"
2022-07-22,금,한화,KT,대전,"4,010"
2022-07-22,금,NC,LG,창원,"5,924"
2022-07-22,금,두산,SSG,잠실,"6,223"
2022-07-22,금,키움,삼성,고척,"4,776"
2022-07-23,토,롯데,KIA,사직,"15,526"
2022-07-23,토,한화,KT,대전,"5,234"
2022-07-23,토,NC,LG,창원,"7,934"
2022-07-23,토,키움,삼성,고척,"7,057"
2022-07-24,일,롯데,KIA,사직,"10,881"
2022-07-24,일,한화,KT,대전,"3,420"
2022-07-24,일,NC,LG,창원,"4,034"
2022-07-24,일,두산,SSG,잠실,"6,216"
2022-07-24,일,키움,삼성,고척,"6,897"
2022-07-26,화,삼성,한화,포항,"5,431"
2022-07-26,화,SSG,LG,문학,"11,063"
2022-07-26,화,두산,롯데,잠실,"5,857"
2022-07-26,화,KIA,NC,광주,"5,994"
2022-07-26,화,KT,키움,수원,"3,631"
2022-07-27,수,삼성,한화,포항,"6,258"
2022-07-27,수,SSG,LG,문학,"10,070"
2022-07-27,수,두산,롯데,잠실,"5,115"
2022-07-27,수,KIA,NC,광주,"5,868"
2022-07-27,수,KT,키움,수원,"3,126"
2022-07-28,목,삼성,한화,포항,"7,202"
2022-07-28,목,SSG,LG,문학,"15,059"
2022-07-28,목,두산,롯데,잠실,"9,820"
2022-07-28,목,KIA,NC,광주,"6,166"
2022-07-28,목,KT,키움,수원,"4,828"
2022-07-29,금,LG,KT,잠실,"9,114"
2022-07-29,금,삼성,롯데,대구,"10,486"
2022-07-29,금,한화,두산,대전,"3,614"
2022-07-29,금,KIA,SSG,광주,"7,755"
2022-07-29,금,NC,키움,창원,"4,796"
2022-07-30,토,LG,KT,잠실,"10,589"
2022-07-30,토,삼성,롯데,대구,"18,789"
2022-07-30,토,한화,두산,대전,"5,838"
2022-07-30,토,KIA,SSG,광주,"10,836"
2022-07-30,토,NC,키움,창원,"7,150"
2022-07-31,일,삼성,롯데,대구,"10,854"
2022-07-31,일,KIA,SSG,광주,"6,408"
2022-08-02,화,한화,KIA,대전,"5,151"
2022-08-02,화,롯데,LG,사직,"7,277"
2022-08-02,화,키움,SSG,고척,"6,941"
2022-08-03,수,한화,KIA,대전,"5,238"
2022-08-03,수,NC,KT,창원,"4,569"
2022-08-03,수,롯데,LG,사직,"6,829"
2022-08-03,수,키움,SSG,고척,"7,573"
2022-08-03,수,두산,삼성,잠실,"6,125"
2022-08-04,목,한화,KIA,대전,"5,586"
2022-08-04,목,NC,KT,창원,"3,210"
2022-08-04,목,롯데,LG,사직,"5,865"
2022-08-04,목,키움,SSG,고척,"6,064"
2022-08-04,목,두산,삼성,잠실,"7,429"
2022-08-05,금,KT,한화,수원,"6,114"
2022-08-05,금,롯데,NC,사직,"6,243"
2022-08-05,금,KIA,두산,광주,"7,903"
2022-08-05,금,SSG,삼성,문학,"11,962"
2022-08-05,금,LG,키움,잠실,"10,811"
2022-08-06,토,KT,한화,수원,"9,636"
2022-08-06,토,롯데,NC,사직,"9,584"
2022-08-06,토,KIA,두산,광주,"8,652"
2022-08-06,토,SSG,삼성,문학,"18,640"
2022-08-06,토,LG,키움,잠실,"11,357"
2022-08-07,일,KT,한화,수원,"8,969"
2022-08-07,일,롯데,NC,사직,"6,360"
2022-08-07,일,KIA,두산,광주,"6,509"
2022-08-07,일,SSG,삼성,문학,"15,958"
2022-08-07,일,LG,키움,잠실,"10,396"
2022-08-10,수,삼성,KIA,대구,"7,722"
2022-08-10,수,SSG,KT,문학,"6,523"
2022-08-10,수,키움,롯데,고척,"4,352"
2022-08-10,수,두산,NC,잠실,"2,672"
2022-08-11,목,SSG,KT,문학,"6,603"
2022-08-11,목,키움,롯데,고척,"4,515"
2022-08-11,목,두산,NC,잠실,"2,005"
2022-08-12,금,삼성,KIA,대구,"10,291"
2022-08-12,금,SSG,KT,문학,"10,093"
2022-08-12,금,한화,LG,대전,"4,400"
2022-08-12,금,키움,롯데,고척,"4,710"
2022-08-12,금,두산,NC,잠실,"3,679"
2022-08-13,토,KIA,롯데,광주,"12,159"
2022-08-13,토,두산,SSG,잠실,"6,659"
2022-08-13,토,KT,삼성,수원,"7,963"
2022-08-13,토,한화,키움,대전,"4,331"
2022-08-14,일,NC,LG,창원,"7,327"
2022-08-14,일,KIA,롯데,광주,"11,374"
2022-08-14,일,두산,SSG,잠실,"6,973"
2022-08-14,일,KT,삼성,수원,"7,720"
2022-08-14,일,한화,키움,대전,"5,274"
2022-08-16,화,LG,삼성,잠실,"9,671"
2022-08-16,화,KT,키움,수원,"3,745"
2022-08-17,수,NC,한화,창원,"2,663"
2022-08-17,수,롯데,두산,사직,"3,618"
2022-08-17,수,KIA,SSG,광주,"4,330"
2022-08-17,수,LG,삼성,잠실,"9,180"
2022-08-17,수,KT,키움,수원,"3,768"
2022-08-18,목,롯데,KT,사직,"6,316"
2022-08-18,목,SSG,LG,문학,"14,662"
2022-08-18,목,KIA,NC,광주,"4,927"
2022-08-18,목,한화,삼성,대전,"3,023"
2022-08-18,목,두산,키움,잠실,"3,517"
2022-08-19,금,롯데,KT,사직,"4,607"
2022-08-19,금,KIA,NC,광주,"5,438"
2022-08-19,금,한화,삼성,대전,"3,213"
2022-08-20,토,롯데,한화,사직,"7,376"
2022-08-20,토,KT,KIA,수원,"19,194"
2022-08-20,토,LG,두산,잠실,"17,504"
2022-08-20,토,키움,SSG,고척,"7,439"
2022-08-21,일,롯데,한화,사직,"7,754"
2022-08-21,일,KT,KIA,수원,"16,158"
2022-08-21,일,삼성,NC,대구,"11,429"
2022-08-21,일,LG,두산,잠실,"14,441"
2022-08-21,일,키움,SSG,고척,"7,183"
2022-08-23,화,키움,KIA,고척,"6,637"
2022-08-23,화,두산,KT,잠실,"3,059"
2022-08-23,화,한화,LG,대전,"2,107"
2022-08-23,화,NC,롯데,창원,"9,211"
2022-08-23,화,SSG,삼성,문학,"8,096"
2022-08-24,수,키움,KIA,고척,"8,175"
2022-08-24,수,두산,KT,잠실,"2,827"
2022-08-24,수,한화,LG,대전,"2,608"
2022-08-24,수,NC,롯데,창원,"7,479"
2022-08-24,수,SSG,삼성,문학,"8,345"
2022-08-25,목,LG,KIA,잠실,"14,262"
2022-08-25,목,한화,두산,대전,"2,315"
2022-08-25,목,KT,SSG,수원,"5,103"
2022-08-25,목,롯데,삼성,사직,"6,844"
2022-08-25,목,NC,키움,창원,"2,712"
2022-08-26,금,LG,KIA,잠실,"18,154"
2022-08-26,금,한화,두산,대전,"3,226"
2022-08-26,금,KT,SSG,수원,"6,149"
2022-08-26,금,롯데,삼성,사직,"7,483"
2022-08-26,금,NC,키움,창원,"4,856"
2022-08-27,토,삼성,한화,대구,"13,729"
2022-08-27,토,NC,KT,창원,"8,977"
2022-08-27,토,SSG,롯데,문학,"21,043"
2022-08-27,토,KIA,두산,광주,"11,053"
2022-08-27,토,LG,키움,잠실,"15,250"
2022-08-28,일,삼성,한화,대구,"10,236"
2022-08-28,일,NC,KT,창원,"5,110"
2022-08-28,일,SSG,롯데,문학,"20,604"
2022-08-28,일,KIA,두산,광주,"8,188"
2022-08-28,일,LG,키움,잠실,"12,917"
2022-08-30,화,키움,롯데,고척,"4,381"
2022-08-31,수,한화,KIA,대전,"3,513"
2022-08-31,수,키움,롯데,고척,"6,685"
2022-08-31,수,LG,NC,잠실,"8,553"
2022-08-31,수,KT,두산,수원,"3,798"
2022-08-31,수,삼성,SSG,대구,"4,314"
2022-09-01,목,키움,한화,고척,"2,799"
2022-09-01,목,KT,LG,수원,"6,888"
2022-09-01,목,두산,롯데,잠실,"6,219"
2022-09-01,목,SSG,NC,문학,"7,804"
2022-09-01,목,KIA,삼성,광주,"5,234"
2022-09-02,금,키움,한화,고척,"3,156"
2022-09-02,금,KT,LG,수원,"10,128"
2022-09-02,금,두산,롯데,잠실,"8,100"
2022-09-02,금,SSG,NC,문학,"12,392"
2022-09-02,금,KIA,삼성,광주,"6,274"
2022-09-03,토,KIA,KT,광주,"10,639"
2022-09-03,토,한화,NC,대전,"5,547"
2022-09-03,토,두산,삼성,잠실,"13,113"
2022-09-03,토,SSG,키움,문학,"20,347"
2022-09-04,일,KIA,KT,광주,"7,056"
2022-09-04,일,롯데,LG,사직,"6,286"
2022-09-04,일,한화,NC,대전,"3,743"
2022-09-06,화,KT,한화,수원,"3,459"
2022-09-06,화,롯데,KIA,울산,"5,060"
2022-09-06,화,NC,두산,창원,"4,331"
2022-09-06,화,LG,SSG,잠실,"12,917"
2022-09-06,화,삼성,키움,대구,"3,890"
2022-09-07,수,KT,한화,수원,"4,364"
2022-09-07,수,롯데,KIA,울산,"7,380"
2022-09-07,수,NC,두산,창원,"8,070"
2022-09-07,수,LG,SSG,잠실,"15,185"
2022-09-07,수,삼성,키움,대구,"5,093"
2022-09-08,목,두산,한화,잠실,"4,757"
2022-09-08,목,SSG,KIA,문학,"16,148"
2022-09-08,목,키움,LG,고척,"6,505"
2022-09-08,목,삼성,롯데,대구,"13,125"
2022-09-08,목,KT,NC,수원,"3,651"
2022-09-09,금,두산,한화,잠실,"5,691"
2022-09-09,금,SSG,KIA,문학,"20,951"
2022-09-09,금,키움,LG,고척,"10,074"
2022-09-09,금,삼성,롯데,대구,"12,634"
2022-09-09,금,KT,NC,수원,"5,966"
2022-09-10,토,두산,KIA,잠실,"13,433"
2022-09-10,토,키움,KT,고척,"4,017"
2022-09-10,토,삼성,LG,대구,"11,995"
2022-09-10,토,롯데,NC,사직,"11,091"
2022-09-10,토,한화,SSG,대전,"5,236"
2022-09-11,일,두산,KIA,잠실,"20,681"
2022-09-11,일,키움,KT,고척,"5,009"
2022-09-11,일,삼성,LG,대구,"15,446"
2022-09-11,일,롯데,NC,사직,"12,343"
2022-09-11,일,한화,SSG,대전,"7,863"
2022-09-13,화,한화,KT,대전,"2,723"
2022-09-13,화,두산,LG,잠실,"6,803"
2022-09-13,화,롯데,SSG,사직,"4,570"
2022-09-13,화,NC,삼성,창원,"3,780"
2022-09-13,화,KIA,키움,광주,"3,507"
2022-09-14,수,한화,KT,대전,"2,777"
2022-09-14,수,두산,LG,잠실,"7,098"
2022-09-14,수,롯데,SSG,사직,"4,179"
2022-09-14,수,NC,삼성,창원,"4,084"
2022-09-14,수,KIA,키움,광주,"5,175"
2022-09-15,목,KIA,한화,광주,"5,158"
2022-09-15,목,LG,KT,잠실,"9,614"
2022-09-15,목,삼성,두산,대구,"5,374"
2022-09-15,목,NC,SSG,창원,"3,851"
2022-09-15,목,롯데,키움,사직,"5,133"
2022-09-16,금,KIA,한화,광주,"8,642"
2022-09-16,금,삼성,두산,대구,"6,576"
2022-09-16,금,NC,SSG,창원,"5,680"
2022-09-16,금,롯데,키움,사직,"8,567"
2022-09-17,토,LG,한화,잠실,"20,104"
2022-09-17,토,삼성,KIA,대구,"15,130"
2022-09-17,토,KT,롯데,수원,"14,944"
2022-09-17,토,키움,NC,고척,"5,827"
2022-09-17,토,SSG,두산,문학,"20,871"
2022-09-18,일,LG,한화,잠실,"16,798"
2022-09-18,일,삼성,KIA,대구,"12,340"
2022-09-18,일,KT,롯데,수원,"16,612"
2022-09-18,일,키움,NC,고척,"4,128"
2022-09-18,일,SSG,두산,문학,"17,684"
2022-09-20,화,SSG,KT,문학,"10,066"
2022-09-20,화,KIA,LG,광주,"5,992"
2022-09-20,화,한화,롯데,대전,"5,515"
2022-09-20,화,두산,NC,잠실,"7,386"
2022-09-20,화,키움,삼성,고척,"4,851"
2022-09-21,수,SSG,KT,문학,"10,359"
2022-09-21,수,KIA,LG,광주,"6,633"
2022-09-21,수,한화,롯데,대전,"4,291"
2022-09-21,수,두산,NC,잠실,"4,683"
2022-09-21,수,키움,삼성,고척,"5,407"
2022-09-22,목,SSG,한화,문학,"11,471"
2022-09-22,목,NC,KIA,창원,"7,340"
2022-09-22,목,삼성,KT,대구,"6,006"
2022-09-22,목,LG,롯데,잠실,"18,034"
2022-09-22,목,키움,두산,고척,"3,063"
2022-09-23,금,SSG,한화,문학,"16,353"
2022-09-23,금,NC,KIA,창원,"9,871"
2022-09-23,금,삼성,KT,대구,"8,056"
2022-09-23,금,LG,롯데,잠실,"19,377"
2022-09-23,금,키움,두산,고척,"4,040"
2022-09-24,토,LG,한화,잠실,"16,775"
2022-09-24,토,NC,KIA,창원,"12,938"
2022-09-24,토,키움,롯데,고척,"9,442"
2022-09-24,토,SSG,두산,문학,"19,253"
2022-09-25,일,두산,한화,잠실,"9,590"
2022-09-25,일,삼성,KIA,대구,"17,730"
2022-09-25,일,NC,KT,창원,"5,148"
2022-09-25,일,SSG,LG,문학,"23,000"
2022-09-27,화,한화,LG,대전,"3,110"
2022-09-27,화,KT,두산,수원,"4,196"
2022-09-27,화,NC,키움,창원,"2,571"
2022-09-28,수,한화,LG,대전,"2,845"
2022-09-28,수,KT,두산,수원,"5,220"
2022-09-28,수,NC,삼성,창원,"5,164"
2022-09-29,목,LG,KT,잠실,"10,859"
2022-09-29,목,KIA,롯데,광주,"6,294"
2022-09-29,목,삼성,NC,대구,"7,703"
2022-09-29,목,한화,두산,대전,"2,018"
2022-09-29,목,SSG,키움,문학,"13,358"
2022-09-30,금,한화,롯데,대전,"4,025"
2022-09-30,금,LG,NC,잠실,"11,076"
2022-09-30,금,삼성,두산,대구,"9,081"
2022-09-30,금,SSG,키움,문학,"20,422"
2022-10-01,토,LG,NC,잠실,"17,282"
2022-10-01,토,삼성,두산,대구,"15,964"
2022-10-01,토,KIA,SSG,광주,"13,341"
2022-10-02,일,한화,KIA,대전,"11,336"
2022-10-02,일,LG,NC,잠실,"15,711"
2022-10-02,일,롯데,두산,사직,"14,088"
2022-10-03,월,롯데,두산,사직,"11,162"
2022-10-03,월,한화,SSG,대전,"7,023"
2022-10-04,화,LG,KIA,잠실,"13,385"
2022-10-04,화,KT,삼성,수원,"5,451"
2022-10-05,수,KIA,LG,광주,"5,487"
2022-10-05,수,NC,롯데,창원,"11,326"
2022-10-05,수,두산,SSG,잠실,"9,474"
2022-10-05,수,KT,삼성,수원,"7,226"
2022-10-06,목,KIA,LG,광주,"5,209"
2022-10-06,목,NC,SSG,창원,"6,064"
2022-10-06,목,두산,삼성,잠실,"7,350"
2022-10-06,목,한화,키움,대전,"9,802"
2022-10-07,금,KIA,KT,광주,"15,175"
2022-10-07,금,NC,LG,창원,"6,257"
2022-10-07,금,두산,삼성,잠실,"11,681"
2022-10-08,토,NC,한화,창원,"12,462"
2022-10-08,토,KIA,KT,광주,"17,231"
2022-10-08,토,롯데,LG,사직,"22,990"
2022-10-08,토,삼성,SSG,대구,"24,000"
2022-10-08,토,두산,키움,잠실,"23,511"
2022-10-10,월,KT,NC,수원,"10,535"
2022-10-11,화,LG,KT,잠실,"10,092"
